{
	"nodes": [
		{
			"bio": "Brother of Sirius. Used to be a Death Eater but defected.",
			"name": "Regulus Arcturus Black",
			"group": 8
		},
		{
			"bio": "Best friend of James Potter and godfather of Harry.",
			"name": "Sirius Black",
			"group": 9
		},
		{
			"bio": "She was a gryffindor student who dated Ron. ",
			"name": "Lavender Brown",
			"group": 2
		},
		{
			"bio": "Ravenclaw student who dated Cedric Diggory and Harry Potter.",
			"name": "Cho Chang",
			"group": 4
		},
		{
			"bio": "Father of Crabbe and death-eater who escaped Azkaban.",
			"name": "Vincent Crabbe Sr.",
			"group": 8
		},
		{
			"bio": "Slytherin student who was best friends with Goyle and followed Draco.",
			"name": "Vincent Crabbe",
			"group": 3
		},
		{
			"bio": "Head of the department of Internation Magical Cooperation.",
			"name": "Bartemius \"Barty\" Crouch Sr.",
			"group": 11
		},
		{
			"bio": "Death Eater who impersonated Alastor Moody.",
			"name": "Bartemius \"Barty\" Crouch Jr.",
			"group": 8
		},
		{
			"bio": "Participated in the Triwizard tournament",
			"name": "Fleur Delacour",
			"group": 9
		},
		{
			"bio": "Participated in the Triwizard tournament",
			"name": "Cedric Diggory",
			"group": 5
		},
		{
			"bio": "Albus' brother and owner of Hog's Head.",
			"name": "Alberforth Dumbledore",
			"group": 9
		},
		{
			"bio": "Headmaster of Hogwards killed by Snape.",
			"name": "Albus Dumbledore",
			"group": 6
		},
		{
			"bio": "Muggle son of Vernon and Petunia and first-cousin of Harry.",
			"name": "Dudley Dursley",
			"group": 10
		},
		{
			"bio": "Harry's aunt and sister of Lily.",
			"name": "Petunia Dursley",
			"group": 10
		},
		{
			"bio": "Harry's muggle uncle.",
			"name": "Vernon Dursley",
			"group": 10
		},
		{
			"bio": "Squib caretake of Hogwards.",
			"name": "Argus Filch",
			"group": 10
		},
		{
			"bio": "Harry's friend and member of Dumbledore's army.",
			"name": "Seamus Finnigan",
			"group": 2
		},
		{
			"bio": "Creator of the Philosopher's Stone.",
			"name": "Nicolas Flamel",
			"group": 11
		},
		{
			"bio": "Minister of Magic that was forced to resign.",
			"name": "Cornelius Fudge",
			"group": 11
		},
		{
			"bio": "Death Eater and father of Gregory Goyle.",
			"name": "Goyle Sr.",
			"group": 8
		},
		{
			"bio": "Best friend of Crabbe. Slytherin student.",
			"name": "Gregory Goyle",
			"group": 3
		},
		{
			"bio": "One of Harry's best friends.",
			"name": "Hermione Granger",
			"group": 2
		},
		{
			"bio": "Half-giant who loves Harry. He was the keeper of Keys and Grounds at Hogwards.",
			"name": "Rubeus Hagrid",
			"group": 6
		},
		{
			"bio": "Highmaster of Durmstrang and reformed death-eater.",
			"name": "Igor Karkaroff",
			"group": 10
		},
		{
			"bio": "Participant in the Triwizard tournament. Dated Hermione.",
			"name": "Viktor Krum",
			"group": 9
		},
		{
			"bio": "Death Eater and Sirius' cousin",
			"name": "Bellatrix Lestrange",
			"group": 8
		},
		{
			"bio": "Mother of Neville who was tortured by Bellatrix.",
			"name": "Alice Longbottom",
			"group": 9
		},
		{
			"bio": "Father of Neville who was tortured by Bellatrix.",
			"name": "Frank Longbottom",
			"group": 9
		},
		{
			"bio": "Gryffindor student who was a member of Dumbledore's army.",
			"name": "Neville Longbottom",
			"group": 2
		},
		{
			"bio": "Ravenclaw student who was a member of Dumbledore's army.",
			"name": "Luna Lovegood",
			"group": 4
		},
		{
			"bio": "Father of Luna and editor of The Quibbler.",
			"name": "Xenophilius Lovegood",
			"group": 9
		},
		{
			"bio": "Friend of James Potter and werewolf. He married Nymphadora.",
			"name": "Remus Lupin",
			"group": 9
		},
		{
			"bio": "Slytherin student who had many arguments with Harry.",
			"name": "Draco Malfoy",
			"group": 3
		},
		{
			"bio": "Father of Draco and influential Death-Eater.",
			"name": "Lucius Malfoy",
			"group": 8
		},
		{
			"bio": "Mother of Draco and sister of Bellatrix.",
			"name": "Narcissa Malfoy",
			"group": 10
		},
		{
			"bio": "Half-giantess and headmistress of Beauxbatons.",
			"name": "Olympe Maxime",
			"group": 9
		},
		{
			"bio": "Professor of Transfiguration and head of Gryffindor.",
			"name": "Minerva McGonagall",
			"group": 6
		},
		{
			"bio": "Retired auror and member of the order of the Phoenix.",
			"name": "Alastor \"Mad-Eye\" Moody",
			"group": 6
		},
		{
			"bio": "Betrays James and Lily Potter. Follower of Voldemort.",
			"name": "Peter Pettigrew",
			"group": 8
		},
		{
			"bio": "The boy who lived. Main character of the series.",
			"name": "Harry Potter",
			"group": 1
		},
		{
			"bio": "Father of Harry. Murdered by Voldemort.",
			"name": "James Potter",
			"group": 9
		},
		{
			"bio": "Mother of Harry. Murdered by Voldemort.",
			"name": "Lily Potter",
			"group": 9
		},
		{
			"bio": "Possessed by Voldemort. Defence against the Dark Arts professor.",
			"name": "Quirinus Quirrell",
			"group": 6
		},
		{
			"bio": "Muggle father of Voldemort who was killed by him.",
			"name": "Tom Riddle Sr.",
			"group": 11
		},
		{
			"bio": "Muggle mother of Voldemort who was killed by him.",
			"name": "Mary Riddle",
			"group": 11
		},
		{
			"bio": "The antagonist of the series who murdered many.",
			"name": "Lord Voldemort",
			"group": 8
		},
		{
			"bio": "Reporter at the Daily Prophet.",
			"name": "Rita Skeeter",
			"group": 10
		},
		{
			"bio": "Head of the Slytherin house and saved Harry in many occasions.",
			"name": "Severus Snape",
			"group": 6
		},
		{
			"bio": "Married Remus Lupin and was killed by Bellatrix.",
			"name": "Nymphadora Tonks",
			"group": 9
		},
		{
			"bio": "Senior undersecretary to the Ministry of Magic. Eventually sent to Azkaban.",
			"name": "Dolores Janes Umbridge",
			"group": 6
		},
		{
			"bio": "Father of the Weasleys and member of the Order of the Phoenix.",
			"name": "Arthur Weasley",
			"group": 9
		},
		{
			"bio": "Oldest son of Arthur and Molly. Husband of Fleur. ",
			"name": "Bill Weasley",
			"group": 9
		},
		{
			"bio": "Second son of Arthur and Molly. Works with dragons in Romania.",
			"name": "Charlie Weasley",
			"group": 9
		},
		{
			"bio": "Identical twin with George and co-owner of Weasleys' Wizard Wheezes",
			"name": "Fred Weasley",
			"group": 2
		},
		{
			"bio": "Identical twin with Fred and co-owner of Weasleys' Wizard Wheezes",
			"name": "George Weasley",
			"group": 2
		},
		{
			"bio": "Only daughter of Molly and Arthur.",
			"name": "Ginny Weasley",
			"group": 2
		},
		{
			"bio": "Wife of Arthur and mother of the Weasleys.",
			"name": "Molly Weasley",
			"group": 9
		},
		{
			"bio": "Third son of Arthur and Molly. He is a Gryffindor prefect.",
			"name": "Percy Weasley",
			"group": 2
		},
		{
			"bio": "Harry's best friend.",
			"name": "Ron Weasley",
			"group": 2
		},
		{
			"bio": "House elf and friend of Harry. He is killed by Bellatrix.",
			"name": "Dobby",
			"group": 9
		},
		{
			"bio": "Harry's owl.",
			"name": "Hedwig",
			"group": 9
		}
	],
	"links": [
		{
			"source": 58,
			"type": "-",
			"target": 49
		},
		{
			"source": 55,
			"type": "+",
			"target": 53
		},
		{
			"source": 12,
			"type": "-",
			"target": 22
		},
		{
			"source": 51,
			"type": "+",
			"target": 8
		},
		{
			"source": 4,
			"type": "+",
			"target": 47
		},
		{
			"source": 58,
			"type": "-",
			"target": 38
		},
		{
			"source": 34,
			"type": "+",
			"target": 45
		},
		{
			"source": 47,
			"type": "+",
			"target": 58
		},
		{
			"source": 33,
			"type": "+",
			"target": 45
		},
		{
			"source": 1,
			"type": "+",
			"target": 11
		},
		{
			"source": "37",
			"type": "+",
			"target": "1",
			"triads": [
				"T3",
				"T1"
			]
		},
		{
			"source": "7",
			"type": "+",
			"target": "28",
			"triads": [
				"T2"
			]
		},
		{
			"source": "47",
			"type": "+",
			"target": "53",
			"triads": [
				"T2",
				"T3",
				"T1"
			]
		},
		{
			"source": "0",
			"type": "-",
			"target": "25",
			"triads": [
				"T2",
				"T0",
				"T1"
			]
		},
		{
			"source": "55",
			"type": "+",
			"target": "54",
			"triads": [
				"T3",
				"T1"
			]
		},
		{
			"source": "25",
			"type": "-",
			"target": "39",
			"triads": [
				"T1"
			]
		},
		{
			"source": "51",
			"type": "+",
			"target": "50",
			"triads": [
				"T3"
			]
		},
		{
			"source": "21",
			"type": "+",
			"target": "37",
			"triads": [
				"T3",
				"T1"
			]
		},
		{
			"source": "41",
			"type": "+",
			"target": "11",
			"triads": [
				"T3",
				"T1"
			]
		},
		{
			"source": "1",
			"type": "+",
			"target": "40",
			"triads": [
				"T3",
				"T1"
			]
		},
		{
			"source": "52",
			"type": "+",
			"target": "58",
			"triads": [
				"T3",
				"T1"
			]
		},
		{
			"source": "45",
			"type": "-",
			"target": "0",
			"triads": [
				"T2",
				"T0",
				"T1"
			]
		},
		{
			"source": "50",
			"type": "+",
			"target": "58",
			"triads": [
				"T3",
				"T1"
			]
		},
		{
			"source": "28",
			"type": "+",
			"target": "2",
			"triads": [
				"T2",
				"T3"
			]
		},
		{
			"source": "24",
			"type": "+",
			"target": "8",
			"triads": [
				"T3"
			]
		},
		{
			"source": "33",
			"type": "+",
			"target": "18",
			"triads": [
				"T1"
			]
		},
		{
			"source": "11",
			"type": "-",
			"target": "46",
			"triads": [
				"T1"
			]
		},
		{
			"source": "38",
			"type": "-",
			"target": "1",
			"triads": [
				"T0",
				"T1"
			]
		},
		{
			"source": "33",
			"type": "-",
			"target": "39",
			"triads": [
				"T1"
			]
		},
		{
			"source": "21",
			"type": "+",
			"target": "22",
			"triads": [
				"T2",
				"T3",
				"T1"
			]
		},
		{
			"source": "58",
			"type": "+",
			"target": "56",
			"triads": [
				"T3",
				"T1"
			]
		},
		{
			"source": "29",
			"type": "+",
			"target": "28",
			"triads": [
				"T3"
			]
		},
		{
			"source": "58",
			"type": "+",
			"target": "28",
			"triads": [
				"T3",
				"T1"
			]
		},
		{
			"source": "45",
			"type": "-",
			"target": "43",
			"triads": [
				"T0",
				"T1"
			]
		},
		{
			"source": "5",
			"type": "-",
			"target": "21",
			"triads": [
				"T1"
			]
		},
		{
			"source": "28",
			"type": "-",
			"target": "32",
			"triads": [
				"T1"
			]
		},
		{
			"source": "53",
			"type": "+",
			"target": "1",
			"triads": [
				"T2",
				"T3",
				"T1"
			]
		},
		{
			"source": "41",
			"type": "-",
			"target": "13",
			"triads": [
				"T1"
			]
		},
		{
			"source": "18",
			"type": "-",
			"target": "39",
			"triads": [
				"T1"
			]
		},
		{
			"source": "32",
			"type": "+",
			"target": "34",
			"triads": [
				"T3"
			]
		},
		{
			"source": "39",
			"type": "-",
			"target": "7",
			"triads": [
				"T2",
				"T1"
			]
		},
		{
			"source": "34",
			"type": "+",
			"target": "25",
			"triads": [
				"T3",
				"T1"
			]
		},
		{
			"source": "27",
			"type": "+",
			"target": "28",
			"triads": [
				"T3",
				"T1"
			]
		},
		{
			"source": "42",
			"type": "+",
			"target": "11",
			"triads": [
				"T2",
				"T1"
			]
		},
		{
			"source": "8",
			"type": "+",
			"target": "21",
			"triads": [
				"T3"
			]
		},
		{
			"source": "54",
			"type": "-",
			"target": "38",
			"triads": [
				"T0",
				"T1"
			]
		},
		{
			"source": "39",
			"type": "+",
			"target": "58",
			"triads": [
				"T2",
				"T3",
				"T1"
			]
		},
		{
			"source": "39",
			"type": "+",
			"target": "40",
			"triads": [
				"T3",
				"T1"
			]
		},
		{
			"source": "52",
			"type": "+",
			"target": "51",
			"triads": [
				"T3",
				"T1"
			]
		},
		{
			"source": "51",
			"type": "+",
			"target": "11",
			"triads": [
				"T3",
				"T1"
			]
		},
		{
			"source": "21",
			"type": "+",
			"target": "16",
			"triads": [
				"T2",
				"T3"
			]
		},
		{
			"source": "3",
			"type": "+",
			"target": "16",
			"triads": [
				"T3"
			]
		},
		{
			"source": "45",
			"type": "-",
			"target": "40",
			"triads": [
				"T1"
			]
		},
		{
			"source": "16",
			"type": "+",
			"target": "28",
			"triads": [
				"T3"
			]
		},
		{
			"source": "58",
			"type": "+",
			"target": "2",
			"triads": [
				"T2",
				"T3"
			]
		},
		{
			"source": "11",
			"type": "+",
			"target": "58",
			"triads": [
				"T2",
				"T3",
				"T1"
			]
		},
		{
			"source": "58",
			"type": "-",
			"target": "25",
			"triads": [
				"T1"
			]
		},
		{
			"source": "45",
			"type": "-",
			"target": "37",
			"triads": [
				"T1"
			]
		},
		{
			"source": "53",
			"type": "+",
			"target": "56",
			"triads": [
				"T3",
				"T1"
			]
		},
		{
			"source": "21",
			"type": "+",
			"target": "58",
			"triads": [
				"T2",
				"T3",
				"T1"
			]
		},
		{
			"source": "39",
			"type": "+",
			"target": "47",
			"triads": [
				"T2",
				"T3",
				"T1"
			]
		},
		{
			"source": "3",
			"type": "+",
			"target": "58",
			"triads": [
				"T3",
				"T1"
			]
		},
		{
			"source": "54",
			"type": "+",
			"target": "56",
			"triads": [
				"T3",
				"T1"
			]
		},
		{
			"source": "11",
			"type": "+",
			"target": "53",
			"triads": [
				"T2",
				"T3",
				"T1"
			]
		},
		{
			"source": "58",
			"type": "+",
			"target": "54",
			"triads": [
				"T3",
				"T1"
			]
		},
		{
			"source": "38",
			"type": "-",
			"target": "11",
			"triads": [
				"T1"
			]
		},
		{
			"source": "21",
			"type": "+",
			"target": "29",
			"triads": [
				"T3"
			]
		},
		{
			"source": "15",
			"type": "-",
			"target": "1",
			"triads": [
				"T2",
				"T0",
				"T1"
			]
		},
		{
			"source": "32",
			"type": "+",
			"target": "20",
			"triads": [
				"T3",
				"T1"
			]
		},
		{
			"source": "58",
			"type": "-",
			"target": "33",
			"triads": [
				"T1"
			]
		},
		{
			"source": "56",
			"type": "+",
			"target": "21",
			"triads": [
				"T3",
				"T1"
			]
		},
		{
			"source": "49",
			"type": "+",
			"target": "15",
			"triads": [
				"T2",
				"T1"
			]
		},
		{
			"source": "4",
			"type": "+",
			"target": "25",
			"triads": [
				"T2",
				"T3"
			]
		},
		{
			"source": "33",
			"type": "-",
			"target": "59",
			"triads": [
				"T1"
			]
		},
		{
			"source": "1",
			"type": "-",
			"target": "45",
			"triads": [
				"T0",
				"T1"
			]
		},
		{
			"source": "59",
			"type": "+",
			"target": "58",
			"triads": [
				"T3",
				"T1"
			]
		},
		{
			"source": "19",
			"type": "+",
			"target": "45",
			"triads": [
				"T3"
			]
		},
		{
			"source": "57",
			"type": "+",
			"target": "51",
			"triads": [
				"T3"
			]
		},
		{
			"source": "37",
			"type": "+",
			"target": "58",
			"triads": [
				"T3",
				"T1"
			]
		},
		{
			"source": "50",
			"type": "+",
			"target": "55",
			"triads": [
				"T3"
			]
		},
		{
			"source": "51",
			"type": "+",
			"target": "54",
			"triads": [
				"T3",
				"T1"
			]
		},
		{
			"source": "28",
			"type": "+",
			"target": "26",
			"triads": [
				"T3"
			]
		},
		{
			"source": "1",
			"type": "+",
			"target": "54",
			"triads": [
				"T2",
				"T3",
				"T1"
			]
		},
		{
			"source": "39",
			"type": "+",
			"target": "55",
			"triads": [
				"T3",
				"T1"
			]
		},
		{
			"source": "25",
			"type": "-",
			"target": "48",
			"triads": [
				"T1"
			]
		},
		{
			"source": "39",
			"type": "-",
			"target": "14",
			"triads": [
				"T1"
			]
		},
		{
			"source": "11",
			"type": "-",
			"target": "25",
			"triads": [
				"T1"
			]
		},
		{
			"source": "9",
			"type": "+",
			"target": "3",
			"triads": [
				"T3",
				"T1"
			]
		},
		{
			"source": "39",
			"type": "+",
			"target": "24",
			"triads": [
				"T3"
			]
		},
		{
			"source": "29",
			"type": "+",
			"target": "39",
			"triads": [
				"T3"
			]
		},
		{
			"source": "21",
			"type": "-",
			"target": "45",
			"triads": [
				"T0",
				"T1"
			]
		},
		{
			"source": "58",
			"type": "+",
			"target": "22",
			"triads": [
				"T2",
				"T3",
				"T1"
			]
		},
		{
			"source": "36",
			"type": "+",
			"target": "39",
			"triads": [
				"T2",
				"T3",
				"T1"
			]
		},
		{
			"source": "45",
			"type": "+",
			"target": "38",
			"triads": [
				"T3",
				"T1"
			]
		},
		{
			"source": "1",
			"type": "+",
			"target": "21",
			"triads": [
				"T2",
				"T3",
				"T1"
			]
		},
		{
			"source": "31",
			"type": "+",
			"target": "55",
			"triads": [
				"T3",
				"T1"
			]
		},
		{
			"source": "58",
			"type": "+",
			"target": "53",
			"triads": [
				"T3",
				"T1"
			]
		},
		{
			"source": "31",
			"type": "+",
			"target": "11",
			"triads": [
				"T3",
				"T1"
			]
		},
		{
			"source": "11",
			"type": "-",
			"target": "13",
			"triads": [
				"T1"
			]
		},
		{
			"source": "56",
			"type": "+",
			"target": "1",
			"triads": [
				"T3",
				"T1"
			]
		},
		{
			"source": "53",
			"type": "-",
			"target": "15",
			"triads": [
				"T2",
				"T0",
				"T1"
			]
		},
		{
			"source": "25",
			"type": "-",
			"target": "59",
			"triads": [
				"T1"
			]
		},
		{
			"source": "47",
			"type": "-",
			"target": "1",
			"triads": [
				"T2",
				"T0",
				"T1"
			]
		},
		{
			"source": "8",
			"type": "+",
			"target": "28",
			"triads": [
				"T3"
			]
		},
		{
			"source": "47",
			"type": "+",
			"target": "15",
			"triads": [
				"T2",
				"T3",
				"T1"
			]
		},
		{
			"source": "53",
			"type": "+",
			"target": "54",
			"triads": [
				"T3",
				"T1"
			]
		},
		{
			"source": "43",
			"type": "+",
			"target": "44",
			"triads": [
				"T2",
				"T1"
			]
		},
		{
			"source": "49",
			"type": "+",
			"target": "18",
			"triads": [
				"T1"
			]
		},
		{
			"source": "41",
			"type": "-",
			"target": "45",
			"triads": [
				"T1"
			]
		},
		{
			"source": "31",
			"type": "+",
			"target": "53",
			"triads": [
				"T3",
				"T1"
			]
		},
		{
			"source": "13",
			"type": "-",
			"target": "39",
			"triads": [
				"T1"
			]
		},
		{
			"source": "11",
			"type": "+",
			"target": "47",
			"triads": [
				"T2",
				"T3",
				"T1"
			]
		},
		{
			"source": "1",
			"type": "+",
			"target": "36",
			"triads": [
				"T2",
				"T3",
				"T1"
			]
		},
		{
			"source": "27",
			"type": "+",
			"target": "26",
			"triads": [
				"T3"
			]
		},
		{
			"source": "20",
			"type": "-",
			"target": "21",
			"triads": [
				"T1"
			]
		},
		{
			"source": "36",
			"type": "+",
			"target": "15",
			"triads": [
				"T2",
				"T3"
			]
		},
		{
			"source": "19",
			"type": "+",
			"target": "4",
			"triads": [
				"T3"
			]
		},
		{
			"source": "21",
			"type": "+",
			"target": "36",
			"triads": [
				"T2",
				"T3",
				"T1"
			]
		},
		{
			"source": "28",
			"type": "+",
			"target": "21",
			"triads": [
				"T2",
				"T3",
				"T1"
			]
		},
		{
			"source": "13",
			"type": "+",
			"target": "12",
			"triads": [
				"T3",
				"T1"
			]
		},
		{
			"source": "39",
			"type": "+",
			"target": "28",
			"triads": [
				"T2",
				"T3",
				"T1"
			]
		},
		{
			"source": "10",
			"type": "+",
			"target": "11",
			"triads": [
				"T3"
			]
		},
		{
			"source": "37",
			"type": "-",
			"target": "7",
			"triads": [
				"T1"
			]
		},
		{
			"source": "49",
			"type": "-",
			"target": "39",
			"triads": [
				"T1"
			]
		},
		{
			"source": "21",
			"type": "+",
			"target": "51",
			"triads": [
				"T3",
				"T1"
			]
		},
		{
			"source": "21",
			"type": "-",
			"target": "49",
			"triads": [
				"T1"
			]
		},
		{
			"source": "50",
			"type": "+",
			"target": "21",
			"triads": [
				"T3"
			]
		},
		{
			"source": "39",
			"type": "+",
			"target": "52",
			"triads": [
				"T3",
				"T1"
			]
		},
		{
			"source": "45",
			"type": "-",
			"target": "56",
			"triads": [
				"T1"
			]
		},
		{
			"source": "33",
			"type": "+",
			"target": "4",
			"triads": [
				"T3"
			]
		},
		{
			"source": "57",
			"type": "+",
			"target": "50",
			"triads": [
				"T2",
				"T3"
			]
		},
		{
			"source": "22",
			"type": "+",
			"target": "11",
			"triads": [
				"T2",
				"T3",
				"T1"
			]
		},
		{
			"source": "35",
			"type": "+",
			"target": "22",
			"triads": [
				"T3"
			]
		},
		{
			"source": "53",
			"type": "-",
			"target": "38",
			"triads": [
				"T0",
				"T1"
			]
		},
		{
			"source": "51",
			"type": "+",
			"target": "56",
			"triads": [
				"T3",
				"T1"
			]
		},
		{
			"source": "38",
			"type": "+",
			"target": "4",
			"triads": [
				"T3"
			]
		},
		{
			"source": "38",
			"type": "-",
			"target": "21",
			"triads": [
				"T0",
				"T1"
			]
		},
		{
			"source": "58",
			"type": "+",
			"target": "1",
			"triads": [
				"T2",
				"T3",
				"T1"
			]
		},
		{
			"source": "39",
			"type": "-",
			"target": "32",
			"triads": [
				"T1"
			]
		},
		{
			"source": "56",
			"type": "-",
			"target": "33",
			"triads": [
				"T1"
			]
		},
		{
			"source": "1",
			"type": "+",
			"target": "55",
			"triads": [
				"T2",
				"T3",
				"T1"
			]
		},
		{
			"source": "7",
			"type": "+",
			"target": "45",
			"triads": [
				"T2",
				"T3",
				"T1"
			]
		},
		{
			"source": "5",
			"type": "+",
			"target": "49",
			"triads": [
				"T1"
			]
		},
		{
			"source": "11",
			"type": "+",
			"target": "56",
			"triads": [
				"T3",
				"T1"
			]
		},
		{
			"source": "19",
			"type": "+",
			"target": "20",
			"triads": [
				"T3"
			]
		},
		{
			"source": "59",
			"type": "+",
			"target": "10",
			"triads": [
				"T3"
			]
		},
		{
			"source": "45",
			"type": "-",
			"target": "48",
			"triads": [
				"T1"
			]
		},
		{
			"source": "33",
			"type": "-",
			"target": "50",
			"triads": [
				"T1"
			]
		},
		{
			"source": "56",
			"type": "+",
			"target": "37",
			"triads": [
				"T3",
				"T1"
			]
		},
		{
			"source": "16",
			"type": "+",
			"target": "58",
			"triads": [
				"T3"
			]
		},
		{
			"source": "39",
			"type": "-",
			"target": "12",
			"triads": [
				"T1"
			]
		},
		{
			"source": "53",
			"type": "+",
			"target": "39",
			"triads": [
				"T3",
				"T1"
			]
		},
		{
			"source": "54",
			"type": "+",
			"target": "11",
			"triads": [
				"T2",
				"T3",
				"T1"
			]
		},
		{
			"source": "11",
			"type": "+",
			"target": "55",
			"triads": [
				"T3",
				"T1"
			]
		},
		{
			"source": "15",
			"type": "-",
			"target": "21",
			"triads": [
				"T2",
				"T0",
				"T1"
			]
		},
		{
			"source": "45",
			"type": "+",
			"target": "25",
			"triads": [
				"T3",
				"T1"
			]
		},
		{
			"source": "54",
			"type": "+",
			"target": "21",
			"triads": [
				"T3",
				"T1"
			]
		},
		{
			"source": "3",
			"type": "-",
			"target": "45",
			"triads": [
				"T1"
			]
		},
		{
			"source": "58",
			"type": "-",
			"target": "20",
			"triads": [
				"T1"
			]
		},
		{
			"source": "55",
			"type": "+",
			"target": "47",
			"triads": [
				"T2",
				"T3",
				"T1"
			]
		},
		{
			"source": "52",
			"type": "+",
			"target": "55",
			"triads": [
				"T3",
				"T1"
			]
		},
		{
			"source": "58",
			"type": "+",
			"target": "10",
			"triads": [
				"T3"
			]
		},
		{
			"source": "31",
			"type": "+",
			"target": "58",
			"triads": [
				"T3",
				"T1"
			]
		},
		{
			"source": "56",
			"type": "+",
			"target": "55",
			"triads": [
				"T3",
				"T1"
			]
		},
		{
			"source": "1",
			"type": "-",
			"target": "33",
			"triads": [
				"T1"
			]
		},
		{
			"source": "50",
			"type": "+",
			"target": "1",
			"triads": [
				"T3",
				"T1"
			]
		},
		{
			"source": "25",
			"type": "+",
			"target": "33",
			"triads": [
				"T3",
				"T1"
			]
		},
		{
			"source": "29",
			"type": "+",
			"target": "16",
			"triads": [
				"T3"
			]
		},
		{
			"source": "21",
			"type": "+",
			"target": "24",
			"triads": [
				"T3"
			]
		},
		{
			"source": "11",
			"type": "+",
			"target": "15",
			"triads": [
				"T2",
				"T3",
				"T1"
			]
		},
		{
			"source": "40",
			"type": "-",
			"target": "38",
			"triads": [
				"T0",
				"T1"
			]
		},
		{
			"source": "47",
			"type": "+",
			"target": "21",
			"triads": [
				"T2",
				"T3",
				"T1"
			]
		},
		{
			"source": "45",
			"type": "-",
			"target": "22",
			"triads": [
				"T1"
			]
		},
		{
			"source": "58",
			"type": "+",
			"target": "29",
			"triads": [
				"T3"
			]
		},
		{
			"source": "36",
			"type": "+",
			"target": "22",
			"triads": [
				"T2",
				"T3",
				"T1"
			]
		},
		{
			"source": "53",
			"type": "+",
			"target": "52",
			"triads": [
				"T3",
				"T1"
			]
		},
		{
			"source": "22",
			"type": "+",
			"target": "47",
			"triads": [
				"T2",
				"T3",
				"T1"
			]
		},
		{
			"source": "51",
			"type": "+",
			"target": "39",
			"triads": [
				"T3",
				"T1"
			]
		},
		{
			"source": "45",
			"type": "-",
			"target": "44",
			"triads": [
				"T1"
			]
		},
		{
			"source": "54",
			"type": "+",
			"target": "52",
			"triads": [
				"T3",
				"T1"
			]
		},
		{
			"source": "55",
			"type": "+",
			"target": "57",
			"triads": [
				"T3"
			]
		},
		{
			"source": "0",
			"type": "+",
			"target": "4",
			"triads": [
				"T2"
			]
		},
		{
			"source": "5",
			"type": "+",
			"target": "20",
			"triads": [
				"T3",
				"T1"
			]
		},
		{
			"source": "14",
			"type": "+",
			"target": "13",
			"triads": [
				"T3",
				"T1"
			]
		},
		{
			"source": "11",
			"type": "+",
			"target": "39",
			"triads": [
				"T2",
				"T3",
				"T1"
			]
		},
		{
			"source": "33",
			"type": "+",
			"target": "34",
			"triads": [
				"T3",
				"T1"
			]
		},
		{
			"source": "50",
			"type": "+",
			"target": "56",
			"triads": [
				"T3",
				"T1"
			]
		},
		{
			"source": "40",
			"type": "+",
			"target": "31",
			"triads": [
				"T3",
				"T1"
			]
		},
		{
			"source": "51",
			"type": "+",
			"target": "53",
			"triads": [
				"T3",
				"T1"
			]
		},
		{
			"source": "7",
			"type": "-",
			"target": "36",
			"triads": [
				"T1"
			]
		},
		{
			"source": "47",
			"type": "-",
			"target": "7",
			"triads": [
				"T1"
			]
		},
		{
			"source": "41",
			"type": "+",
			"target": "47",
			"triads": [
				"T2",
				"T3",
				"T1"
			]
		},
		{
			"source": "45",
			"type": "-",
			"target": "31",
			"triads": [
				"T1"
			]
		},
		{
			"source": "49",
			"type": "-",
			"target": "11",
			"triads": [
				"T2",
				"T1"
			]
		},
		{
			"source": "16",
			"type": "+",
			"target": "39",
			"triads": [
				"T3"
			]
		},
		{
			"source": "15",
			"type": "-",
			"target": "54",
			"triads": [
				"T2",
				"T0",
				"T1"
			]
		},
		{
			"source": "39",
			"type": "+",
			"target": "50",
			"triads": [
				"T3",
				"T1"
			]
		},
		{
			"source": "54",
			"type": "-",
			"target": "45",
			"triads": [
				"T1"
			]
		},
		{
			"source": "50",
			"type": "-",
			"target": "18",
			"triads": [
				"T2",
				"T1"
			]
		},
		{
			"source": "40",
			"type": "+",
			"target": "11",
			"triads": [
				"T2",
				"T3",
				"T1"
			]
		},
		{
			"source": "55",
			"type": "+",
			"target": "8",
			"triads": [
				"T3"
			]
		},
		{
			"source": "39",
			"type": "+",
			"target": "1",
			"triads": [
				"T2",
				"T3",
				"T1"
			]
		},
		{
			"source": "8",
			"type": "+",
			"target": "58",
			"triads": [
				"T3",
				"T1"
			]
		},
		{
			"source": "32",
			"type": "+",
			"target": "33",
			"triads": [
				"T3",
				"T1"
			]
		},
		{
			"source": "37",
			"type": "+",
			"target": "8",
			"triads": [
				"T3"
			]
		},
		{
			"source": "45",
			"type": "-",
			"target": "11",
			"triads": [
				"T1"
			]
		},
		{
			"source": "22",
			"type": "+",
			"target": "39",
			"triads": [
				"T2",
				"T3",
				"T1"
			]
		},
		{
			"source": "22",
			"type": "+",
			"target": "28",
			"triads": [
				"T3",
				"T1"
			]
		},
		{
			"source": "39",
			"type": "+",
			"target": "21",
			"triads": [
				"T3",
				"T1"
			]
		},
		{
			"source": "9",
			"type": "-",
			"target": "45",
			"triads": [
				"T1"
			]
		},
		{
			"source": "37",
			"type": "+",
			"target": "39",
			"triads": [
				"T3",
				"T1"
			]
		},
		{
			"source": "52",
			"type": "+",
			"target": "56",
			"triads": [
				"T3",
				"T1"
			]
		},
		{
			"source": "58",
			"type": "-",
			"target": "45",
			"triads": [
				"T1"
			]
		},
		{
			"source": "20",
			"type": "+",
			"target": "45",
			"triads": [
				"T3",
				"T1"
			]
		},
		{
			"source": "1",
			"type": "+",
			"target": "48",
			"triads": [
				"T3",
				"T1"
			]
		},
		{
			"source": "52",
			"type": "+",
			"target": "50",
			"triads": [
				"T3"
			]
		},
		{
			"source": "39",
			"type": "+",
			"target": "10",
			"triads": [
				"T3"
			]
		},
		{
			"source": "11",
			"type": "+",
			"target": "21",
			"triads": [
				"T2",
				"T3",
				"T1"
			]
		},
		{
			"source": "25",
			"type": "-",
			"target": "1",
			"triads": [
				"T0",
				"T1"
			]
		},
		{
			"source": "24",
			"type": "+",
			"target": "9",
			"triads": [
				"T3"
			]
		},
		{
			"source": "45",
			"type": "-",
			"target": "27",
			"triads": [
				"T1"
			]
		},
		{
			"source": "21",
			"type": "-",
			"target": "7",
			"triads": [
				"T2",
				"T1"
			]
		},
		{
			"source": "45",
			"type": "-",
			"target": "36",
			"triads": [
				"T1"
			]
		},
		{
			"source": "48",
			"type": "+",
			"target": "31",
			"triads": [
				"T3",
				"T1"
			]
		},
		{
			"source": "15",
			"type": "-",
			"target": "58",
			"triads": [
				"T2",
				"T0",
				"T1"
			]
		},
		{
			"source": "39",
			"type": "-",
			"target": "46",
			"triads": [
				"T1"
			]
		},
		{
			"source": "55",
			"type": "-",
			"target": "45",
			"triads": [
				"T1"
			]
		},
		{
			"source": "52",
			"type": "+",
			"target": "57",
			"triads": [
				"T3"
			]
		},
		{
			"source": "21",
			"type": "+",
			"target": "10",
			"triads": [
				"T3"
			]
		},
		{
			"source": "41",
			"type": "+",
			"target": "40",
			"triads": [
				"T3",
				"T1"
			]
		},
		{
			"source": "55",
			"type": "+",
			"target": "58",
			"triads": [
				"T3",
				"T1"
			]
		},
		{
			"source": "12",
			"type": "+",
			"target": "14",
			"triads": [
				"T3",
				"T1"
			]
		},
		{
			"source": "56",
			"type": "+",
			"target": "57",
			"triads": [
				"T3"
			]
		},
		{
			"source": "58",
			"type": "+",
			"target": "57",
			"triads": [
				"T3"
			]
		},
		{
			"source": "1",
			"type": "+",
			"target": "31",
			"triads": [
				"T3",
				"T1"
			]
		},
		{
			"source": "37",
			"type": "+",
			"target": "50",
			"triads": [
				"T3"
			]
		},
		{
			"source": "5",
			"type": "-",
			"target": "39",
			"triads": [
				"T1"
			]
		},
		{
			"source": "16",
			"type": "+",
			"target": "2",
			"triads": [
				"T2",
				"T3"
			]
		},
		{
			"source": "15",
			"type": "-",
			"target": "38",
			"triads": [
				"T0",
				"T1"
			]
		},
		{
			"source": "57",
			"type": "+",
			"target": "11",
			"triads": [
				"T2",
				"T3"
			]
		},
		{
			"source": "41",
			"type": "+",
			"target": "1",
			"triads": [
				"T2",
				"T3",
				"T1"
			]
		},
		{
			"source": "58",
			"type": "-",
			"target": "32",
			"triads": [
				"T1"
			]
		},
		{
			"source": "3",
			"type": "+",
			"target": "28",
			"triads": [
				"T3",
				"T1"
			]
		},
		{
			"source": "59",
			"type": "+",
			"target": "21",
			"triads": [
				"T3",
				"T1"
			]
		},
		{
			"source": "45",
			"type": "-",
			"target": "39",
			"triads": [
				"T0",
				"T1"
			]
		},
		{
			"source": "53",
			"type": "+",
			"target": "50",
			"triads": [
				"T3"
			]
		},
		{
			"source": "18",
			"type": "+",
			"target": "57",
			"triads": [
				"T2"
			]
		},
		{
			"source": "21",
			"type": "+",
			"target": "52",
			"triads": [
				"T3",
				"T1"
			]
		},
		{
			"source": "9",
			"type": "+",
			"target": "39",
			"triads": [
				"T3",
				"T1"
			]
		},
		{
			"source": "11",
			"type": "+",
			"target": "37",
			"triads": [
				"T3",
				"T1"
			]
		},
		{
			"source": "45",
			"type": "-",
			"target": "42",
			"triads": [
				"T0",
				"T1"
			]
		},
		{
			"source": "53",
			"type": "-",
			"target": "45",
			"triads": [
				"T1"
			]
		},
		{
			"source": "51",
			"type": "+",
			"target": "58",
			"triads": [
				"T3",
				"T1"
			]
		},
		{
			"source": "21",
			"type": "+",
			"target": "3",
			"triads": [
				"T3",
				"T1"
			]
		},
		{
			"source": "36",
			"type": "+",
			"target": "58",
			"triads": [
				"T2",
				"T3",
				"T1"
			]
		},
		{
			"source": "57",
			"type": "+",
			"target": "53",
			"triads": [
				"T3"
			]
		},
		{
			"source": "5",
			"type": "+",
			"target": "32",
			"triads": [
				"T3",
				"T1"
			]
		},
		{
			"source": "31",
			"type": "+",
			"target": "54",
			"triads": [
				"T3",
				"T1"
			]
		},
		{
			"source": "14",
			"type": "-",
			"target": "11",
			"triads": [
				"T1"
			]
		},
		{
			"source": "50",
			"type": "+",
			"target": "54",
			"triads": [
				"T3"
			]
		},
		{
			"source": "34",
			"type": "-",
			"target": "1",
			"triads": [
				"T1"
			]
		},
		{
			"source": "36",
			"type": "+",
			"target": "11",
			"triads": [
				"T3",
				"T1"
			]
		},
		{
			"source": "51",
			"type": "+",
			"target": "55",
			"triads": [
				"T3",
				"T1"
			]
		},
		{
			"source": "7",
			"type": "+",
			"target": "38",
			"triads": [
				"T3",
				"T1"
			]
		},
		{
			"source": "21",
			"type": "-",
			"target": "32",
			"triads": [
				"T1"
			]
		},
		{
			"source": "38",
			"type": "-",
			"target": "39",
			"triads": [
				"T0",
				"T1"
			]
		},
		{
			"source": "40",
			"type": "-",
			"target": "15",
			"triads": [
				"T2",
				"T0",
				"T1"
			]
		},
		{
			"source": "36",
			"type": "+",
			"target": "31",
			"triads": [
				"T3",
				"T1"
			]
		},
		{
			"source": "39",
			"type": "+",
			"target": "31",
			"triads": [
				"T3",
				"T1"
			]
		},
		{
			"source": "51",
			"type": "-",
			"target": "45",
			"triads": [
				"T1"
			]
		},
		{
			"source": "5",
			"type": "-",
			"target": "58",
			"triads": [
				"T1"
			]
		},
		{
			"source": "59",
			"type": "+",
			"target": "39",
			"triads": [
				"T3",
				"T1"
			]
		},
		{
			"source": "25",
			"type": "-",
			"target": "56",
			"triads": [
				"T1"
			]
		},
		{
			"source": "31",
			"type": "-",
			"target": "38",
			"triads": [
				"T1"
			]
		},
		{
			"source": "21",
			"type": "+",
			"target": "55",
			"triads": [
				"T3",
				"T1"
			]
		},
		{
			"source": "21",
			"type": "+",
			"target": "53",
			"triads": [
				"T3",
				"T1"
			]
		},
		{
			"source": "39",
			"type": "+",
			"target": "56",
			"triads": [
				"T3",
				"T1"
			]
		},
		{
			"source": "54",
			"type": "+",
			"target": "47",
			"triads": [
				"T2",
				"T3",
				"T1"
			]
		},
		{
			"source": "38",
			"type": "-",
			"target": "55",
			"triads": [
				"T1"
			]
		},
		{
			"source": "47",
			"type": "-",
			"target": "45",
			"triads": [
				"T2",
				"T0",
				"T1"
			]
		},
		{
			"source": "45",
			"type": "-",
			"target": "52",
			"triads": [
				"T1"
			]
		},
		{
			"source": "16",
			"type": "+",
			"target": "55",
			"triads": [
				"T3"
			]
		},
		{
			"source": "39",
			"type": "-",
			"target": "15",
			"triads": [
				"T2",
				"T0",
				"T1"
			]
		},
		{
			"source": "57",
			"type": "+",
			"target": "54",
			"triads": [
				"T3"
			]
		},
		{
			"source": "22",
			"type": "-",
			"target": "15",
			"triads": [
				"T2",
				"T1"
			]
		},
		{
			"source": "8",
			"type": "+",
			"target": "56",
			"triads": [
				"T3",
				"T1"
			]
		},
		{
			"source": "3",
			"type": "+",
			"target": "39",
			"triads": [
				"T3",
				"T1"
			]
		},
		{
			"source": "41",
			"type": "-",
			"target": "38",
			"triads": [
				"T1"
			]
		},
		{
			"source": "18",
			"type": "-",
			"target": "11",
			"triads": [
				"T2",
				"T1"
			]
		},
		{
			"source": "39",
			"type": "+",
			"target": "41",
			"triads": [
				"T3",
				"T1"
			]
		},
		{
			"source": "35",
			"type": "+",
			"target": "11",
			"triads": [
				"T3"
			]
		},
		{
			"source": "4",
			"type": "+",
			"target": "45",
			"triads": [
				"T2",
				"T3"
			]
		},
		{
			"source": "20",
			"type": "-",
			"target": "39",
			"triads": [
				"T1"
			]
		},
		{
			"source": "0",
			"type": "-",
			"target": "1",
			"triads": [
				"T0"
			]
		},
		{
			"source": "45",
			"type": "-",
			"target": "28",
			"triads": [
				"T2",
				"T1"
			]
		},
		{
			"source": "42",
			"type": "-",
			"target": "39",
			"triads": [
				"T2",
				"T0",
				"T1"
			]
		},
		{
			"source": "59",
			"type": "-",
			"target": "32",
			"triads": [
				"T1"
			]
		},
		{
			"source": "25",
			"type": "-",
			"target": "8",
			"triads": [
				"T1"
			]
		},
		{
			"source": "11",
			"type": "+",
			"target": "52",
			"triads": [
				"T3",
				"T1"
			]
		},
		{
			"source": "54",
			"type": "+",
			"target": "39",
			"triads": [
				"T3",
				"T1"
			]
		},
		{
			"source": "21",
			"type": "-",
			"target": "42",
			"triads": [
				"T2",
				"T0",
				"T1"
			]
		},
		{
			"source": "49",
			"type": "-",
			"target": "36",
			"triads": [
				"T2",
				"T1"
			]
		},
		{
			"source": "2",
			"type": "-",
			"target": "21",
			"triads": [
				"T2"
			]
		},
		{
			"source": "8",
			"type": "+",
			"target": "39",
			"triads": [
				"T3",
				"T1"
			]
		},
		{
			"source": "50",
			"type": "+",
			"target": "11",
			"triads": [
				"T3",
				"T1"
			]
		},
		{
			"source": "6",
			"type": "+",
			"target": "57",
			"triads": [

			]
		},
		{
			"source": "4",
			"type": "+",
			"target": "5",
			"triads": [

			]
		},
		{
			"source": "13",
			"type": "+",
			"target": "13",
			"triads": [

			]
		},
		{
			"source": "45",
			"type": "-",
			"target": "23",
			"triads": [

			]
		},
		{
			"source": "35",
			"type": "+",
			"target": "8",
			"triads": [

			]
		},
		{
			"source": "4",
			"type": "+",
			"target": "6",
			"triads": [

			]
		},
		{
			"source": "39",
			"type": "+",
			"target": "60",
			"triads": [

			]
		},
		{
			"source": "23",
			"type": "+",
			"target": "35",
			"triads": [

			]
		},
		{
			"source": "6",
			"type": "-",
			"target": "7",
			"triads": [

			]
		},
		{
			"source": "6",
			"type": "+",
			"target": "23",
			"triads": [

			]
		},
		{
			"source": "24",
			"type": "+",
			"target": "23",
			"triads": [

			]
		},
		{
			"source": "29",
			"type": "+",
			"target": "30",
			"triads": [

			]
		},
		{
			"source": "17",
			"type": "+",
			"target": "11",
			"triads": [

			]
		}
	]
}